Симптом;Анализы;Врачи
Боль в горле;Аденовирус (обнаружение антигена в кале), ИХГА|СОЭ (венозная кровь)|ТТГ (тиреотропный гормон)|Общий анализ мочи|Тироксин свободный (Т4 свободный)|С-реактивный белок|Иммуноглобулин Е (IgE)|Клинический анализ крови без лейкоцитарной формулы (венозная кровь)|Антистрептолизин-О (АСЛО)|Антитела к цитомегаловирусу (Cytomegalovirus), IgG|Антитела к капсидному антигену вируса Эпштейна-Барр (Epstein-Barr virus VCA), IgM|Антитела к цитомегаловирусу (Cytomegalovirus), IgM|Вирусы группы герпеса (EBV, CMV, HHV6)|Генотипирование вируса гриппа (А/B)|Типирование грибов, расширенный (Candida albicans, Fungi spp, Candida krusei, Candida glabrata, Candida tropicalis, Candida parapsilosis, Candida famata, Candida guilliermondii)|Антитела к вирусу Эпштейна-Барр (Epstein-Barr virus), IgG (иммуноблот)|Антитела к вирусу Эпштейна-Барр (Epstein-Barr virus), IgM (иммуноблот);Терапевт, ЛОР, Семейный врач
Боль в груди;ТТГ (тиреотропный гормон)|Тироксин свободный (Т4 свободный)|Биохимический анализ крови, базовый|Коагулограмма, скрининг|Липидный профиль, базовый|Клинический анализ крови без лейкоцитарной формулы (венозная кровь)|Протромбин (время, по Квику, МНО)|Фибриноген|Ревматоидный фактор (РФ)|Кортизол|АЧТВ|Антитела к хеликобактеру (Helicobacter pylori), IgG|ГастроПанель ® (Гастрин-17 базовый, Пепсиноген I, Пепсиноген II, Антитела к хеликобактеру, IgG)|Креатинкиназа-МВ|Тропонин I ультрачувствительный|N-концевой фрагмент натрийуретического пропептида В-типа (NT-proBNP)|Миоглобин;Терапевт, Кардиолог, Пульмонолог
Боль в животе;Общий анализ мочи|Биохимический анализ крови, базовый|Общий анализ кала (копрограмма)|Клинический анализ крови без лейкоцитарной формулы (венозная кровь)|Кортизол|Исследование кала на простейшие и яйца гельминтов методом обогащения (PARASEP)|Кальпротектин (в кале)|Исследование кала на скрытую кровь|13С – уреазный дыхательный тест (H. pylori), включает расходный материал|Посев на возбудителей кишечной инфекции (сальмонеллы, шигеллы) с определением чувствительности к основному спектру антибиотиков|Прогностическая вероятность (значение ROMA, пременопауза) (включает определение антигена СА 125 и опухолевого маркера HE 4)|Антитела к лямблиям (Lamblia intestinalis), IgM|Прокальцитонин|Альфа-амилаза (диастаза) в разовой порции мочи|Гастрин|Аскарида IgE (ImmunoCAP), p1;Терапевт, Гастроэнтеролог, Хирург
Боль в мышцах;Клинический анализ крови с лейкоцитарной формулой (5DIFF) (венозная кровь)|СОЭ (венозная кровь)|ТТГ (тиреотропный гормон)|Общий анализ мочи|Ферритин|Глюкоза|АЛТ (аланинаминотрансфераза)|АСТ (аспартатаминотрансфераза)|Витамин Д (25-OH витамин D), ИХЛА, суммарный (кальциферол)|Тироксин свободный (Т4 свободный)|Креатинин|С-реактивный белок|Мочевина|Гликированный гемоглобин А1с|Железо|Мочевая кислота|Витамин В12 (цианкобаламин)|Витамин В9 (фолиевая кислота)|Натрий, калий, хлор (Na/K/Cl)|Тестостерон общий|Ревматоидный фактор (РФ)|Паратгормон|Кортизол|Антистрептолизин-О (АСЛО)|КФК (креатинкиназа)|Лактатдегидрогеназа (ЛДГ)|Антинуклеарные антитела, иммуноблот (к nRNP/Sm, Sm, SS-A (SS-A нативный), SS-B, Scl-70, PM-Scl, CENP B, Jo-1, ANA-PCNA, AMA-M2, ANA-Ro-52, dsDNA, нуклеосомам, гистонам, рибосомальному белку P)|Миоглобин;Терапевт, Ревматолог, Физиотерапевт
Боль в пояснице;Общий анализ мочи|Витамин Д (25-OH витамин D), ИХЛА, суммарный (кальциферол)|Биохимический анализ крови, базовый|Ревматоидный фактор (РФ)|Паратгормон|Простатоспецифический антиген (ПСА) общий|Кортизол|Анализ мочи по Нечипоренко|Антиген СА 125|Посев мочи на флору с определением чувствительности к основному спектру антибиотиков, в т.ч. кандида|Антитела к циклическому цитруллиновому пептиду (ACCP, anti-CCP);Терапевт, Невролог, Вертебролог, Ортопед
Боль в суставах;Общий анализ мочи|Ферритин|Витамин Д (25-OH витамин D), ИХЛА, суммарный (кальциферол)|Креатинин|С-реактивный белок|Мочевина|Мочевая кислота|Щелочная фосфатаза|Клинический анализ крови без лейкоцитарной формулы (венозная кровь)|Ревматоидный фактор (РФ)|Антистрептолизин-О (АСЛО)|КФК (креатинкиназа)|Фосфор неорганический|Антитела к циклическому цитруллиновому пептиду (ACCP, anti-CCP)|Иммуноглобулин G (IgG)|Иммуноглобулин М (IgM)|Антинуклеарные антитела, иммуноблот (к nRNP/Sm, Sm, SS-A (SS-A нативный), SS-B, Scl-70, PM-Scl, CENP B, Jo-1, ANA-PCNA, AMA-M2, ANA-Ro-52, dsDNA, нуклеосомам, гистонам, рибосомальному белку P)|ПЦР-12|Прокальцитонин|Калий в крови, спектрометрия (K);Терапевт, Ревматолог, Ортопед
Боль в ухе;Клинический анализ крови с лейкоцитарной формулой (5DIFF) (венозная кровь)|СОЭ (венозная кровь)|С-реактивный белок|Антитела к вирусу кори, IgG|Антитела к цитомегаловирусу (Cytomegalovirus), IgG|Антитела к цитомегаловирусу (Cytomegalovirus), IgM|Иммуноглобулин А (IgA)|Иммуноглобулин G (IgG)|Иммуноглобулин М (IgM)|Антитела к вирусу простого герпеса I, II типов (Herpes simplex virus I, II), IgM|Антитела к микоплазме (Mycoplasma pneumoniae), IgM|Антитела к хламидии (Chlamydia trachomatis), IgG|Антитела к вирусу Варицелла-Зостер (Varicella-Zoster), IgG|Антитела к хламидии (Chlamydia trachomatis), IgM|Антитела к микоплазме (Mycoplasma hominis), IgG|Антитела к вирусу Варицелла-Зостер (Varicella-Zoster), IgM|Антитела к вирусу Эпштейна-Барр (Epstein-Barr virus), IgG (иммуноблот);ЛОР, Сурдолог
Выпадение волос;Клинический анализ крови с лейкоцитарной формулой (5DIFF) (венозная кровь)|ТТГ (тиреотропный гормон)|Общий анализ мочи|Ферритин|Витамин Д (25-OH витамин D), ИХЛА, суммарный (кальциферол)|Тироксин свободный (Т4 свободный)|Трийодтиронин свободный (Т3 свободный)|Пролактин|Железо|Биохимический анализ крови, базовый|Эстрадиол (Е2)|ВИЧ (антитела и антигены)|Тестостерон общий|Антитела к вирусу гепатита С, сум. (Anti-HCV)|Поверхностный антиген вируса гепатита В (австралийский антиген, HbsAg)|Магний|Микрореакция на сифилис качественно (RPR)|Тестостерон свободный (включает определение тестостерона общего и свободного, ГСПГ (SHBG), расчет индекса свободных андрогенов)|Прогестерон|Трансферрин|Кортизол|Анти-ТГ (антитела к тиреоглобулину)|ОЖСС (общая железосвязывающая способность сыворотки (включает определение железа, ЛЖСС)|Селен в крови, спектрометрия (Se)|Дигидротестостерон|Цинк в крови, спектрометрия (Zn);Дерматолог, Эндокринолог, Терапевт
Высыпания на коже;Клинический анализ крови с лейкоцитарной формулой (5DIFF) (венозная кровь)|Клинический анализ крови с лейкоцитарной формулой (5DIFF) (артериальная кровь)|Общий анализ мочи|Иммуноглобулин Е (IgE)|Антитела к вирусу Эпштейна-Барр (Epstein-Barr virus), IgM (иммуноблот);Дерматолог, Аллерголог, Терапевт
Головная боль;Коагулограмма, скрининг|Клинический анализ крови с лейкоцитарной формулой (5DIFF) (капиллярная кровь)|Д-димер|Клинический анализ крови (5 DIFF) с подсчетом лейкоцитарной формулы врачом КЛД (венозная кровь);Невролог, Терапевт, Кардиолог
Головокружение при вставании;Клинический анализ крови с лейкоцитарной формулой (5DIFF) (венозная кровь)|ТТГ (тиреотропный гормон)|Общий анализ мочи|Ферритин|Витамин Д (25-OH витамин D), ИХЛА, суммарный (кальциферол)|Тироксин свободный (Т4 свободный)|Пролактин|Гликированный гемоглобин А1с|Железо|Витамин В12 (цианкобаламин)|Биохимический анализ крови, базовый|Витамин В9 (фолиевая кислота)|Гомоцистеин|Трансферрин|Кортизол|Дегидроэпиандростерон сульфат (ДГЭА-сульфат)|Анти-ТГ (антитела к тиреоглобулину)|КФК (креатинкиназа)|АКТГ (адренокортикотропный гормон)|Альдостерон|Ренин|Катехоламины крови (адреналин, норадреналин, дофамин) и серотонин, ВЭЖХ-МС|Кортизол суточной мочи|Общие метанефрины и норметанефрины в суточной моче, ВЭЖХ-МС|Серотонин, ВЭЖХ-МС|Катехоламины в суточной моче (адреналин, норадреналин, дофамин), ВЭЖХ-МС;Невролог, Кардиолог
Двоение в глазах;Антитела к мышечно-специфической тирозинкиназе (MUSK), IgG|Клинический анализ крови с лейкоцитарной формулой (5DIFF) (венозная кровь)|ТТГ (тиреотропный гормон)|Тироксин свободный (Т4 свободный)|Гликированный гемоглобин А1с|Витамин В12 (цианкобаламин)|Биохимический анализ крови, базовый|Антитела к микросомальной тиреопероксидазе (Анти-ТПО)|Витамин В9 (фолиевая кислота)|Коагулограмма, скрининг|Гомоцистеин|ВИЧ (антитела и антигены)|Антитела к вирусу гепатита С, сум. (Anti-HCV)|Поверхностный антиген вируса гепатита В (австралийский антиген, HbsAg)|Микрореакция на сифилис качественно (RPR)|Ревматоидный фактор (РФ)|Антитела к цитомегаловирусу (Cytomegalovirus), IgG|Антитела к цитомегаловирусу (Cytomegalovirus), IgM|Антитела к токсоплазме (Toxoplasma gondii), IgG|Антитела к вирусу простого герпеса I, II типов (Herpes simplex virus I, II), IgM|Антитела к двуспиральной ДНК (нативной, a-dsDNA)|Антитела к токсоплазме (Toxoplasma gondii), IgM|Антинуклеарные антитела, иммуноблот (к nRNP/Sm, Sm, SS-A (SS-A нативный), SS-B, Scl-70, PM-Scl, CENP B, Jo-1, ANA-PCNA, AMA-M2, ANA-Ro-52, dsDNA, нуклеосомам, гистонам, рибосомальному белку P)|Витамин В1 (тиамин-пирофосфат), ВЭЖХ-МС|Антитела к бета2-гликопротеину|Антитела к кардиолипину (суммарные)|Антинейтрофильные цитоплазматические антитела, IgG (ANCA), Combi 6 (к протеиназе 3, лактоферрину, миелопероксидазе, эластазе, катепсину G, бактерицидному белку, повышающему проницаемость (BPI))|Антитела к ацетилхолиновым рецепторам (АХР)|Антитела к вирусу Эпштейна-Барр (Epstein-Barr virus), IgG (иммуноблот)|Генодиагностика болезни Вильсона-Коновалова (анализ мутаций гена ATP7B);Офтальмолог, Невролог
Жжение при мочеиспускании;Клинический анализ крови с лейкоцитарной формулой (5DIFF) (венозная кровь)|Общий анализ мочи|Глюкоза|С-реактивный белок|Биохимический анализ крови, базовый|ВИЧ (антитела и антигены)|Иммуноглобулин Е (IgE)|Антитела к вирусу гепатита С, сум. (Anti-HCV)|Поверхностный антиген вируса гепатита В (австралийский антиген, HbsAg)|Микрореакция на сифилис качественно (RPR)|Простатоспецифический антиген (ПСА) общий|Анализ мочи по Нечипоренко|Микроскопическое исследование мазков, 3 точки (цервикальный канал, влагалище, уретра)|Микроскопическое исследование отделяемого уретры|Посев мочи на флору с определением чувствительности к основному спектру антибиотиков и бактериофагам, в т.ч. кандида|Анализ мочи по Зимницкому;Уролог, Терапевт
Заложенность носа;ТТГ (тиреотропный гормон)|Витамин Д (25-OH витамин D), ИХЛА, суммарный (кальциферол)|Тироксин свободный (Т4 свободный)|Пролактин|Иммуноглобулин Е (IgE)|Клинический анализ крови без лейкоцитарной формулы (венозная кровь)|Кортизол|Иммуноглобулин G (IgG)|Иммуноглобулин М (IgM)|Антинуклеарные антитела, иммуноблот (к nRNP/Sm, Sm, SS-A (SS-A нативный), SS-B, Scl-70, PM-Scl, CENP B, Jo-1, ANA-PCNA, AMA-M2, ANA-Ro-52, dsDNA, нуклеосомам, гистонам, рибосомальному белку P)|Антинейтрофильные цитоплазматические антитела, IgG (ANCA), Combi 6 (к протеиназе 3, лактоферрину, миелопероксидазе, эластазе, катепсину G, бактерицидному белку, повышающему проницаемость (BPI))|Панель аллергенов плесени №1 IgE (penicillium notatum, cladosporium herbarum, aspergillus fumigatus, candida albicans, alternaria tenuis – суммарно)|Панель аллергенов пыли №1 IgE (домашняя пыль Greer, клещ-дерматофаг перинный, клещ-дерматофаг мучной, таракан – суммарно)|Панель аллергенов деревьев IgE ImmunoCAP, tx9 (микст пыльца деревьев: ольха серая, береза бородавчатая, лещина обыкновенная, дуб белый, ива белая – суммарно)|ОРВИ-Скрин (РНК респираторносинцитиального вируса/ РНК метапневмовируса/ РНК парагриппа (типов 1, 2, 3 и 4)/ РНК коронавирусов/ РНК риновирусов/ ДНК аденовирусов (групп B, C и E)/ ДНК бокавируса)|Панель аллергенов животных №1 IgE (эпителий кошки, перхоть лошади, перхоть коровы, перхоть собаки – суммарно);ЛОР, Аллерголог
Запор;ТТГ (тиреотропный гормон)|Тироксин свободный (Т4 свободный)|Трийодтиронин свободный (Т3 свободный)|Гликированный гемоглобин А1с|Биохимический анализ крови, базовый|Общий анализ кала (копрограмма)|Клинический анализ крови без лейкоцитарной формулы (венозная кровь)|Паратгормон|Кортизол|Исследование кала на простейшие и яйца гельминтов методом обогащения (PARASEP)|Исследование кала на скрытую кровь|Дисбактериоз с определением чувствительности к бактериофагам;Гастроэнтеролог, Терапевт
Зуд;ТТГ (тиреотропный гормон)|Общий анализ мочи|Ферритин|Глюкоза|Витамин Д (25-OH витамин D), ИХЛА, суммарный (кальциферол)|Тироксин свободный (Т4 свободный)|Креатинин|Мочевина|Пролактин|Гликированный гемоглобин А1с|Железо|Мочевая кислота|Витамин В12 (цианкобаламин)|Биохимический анализ крови, базовый|Витамин В9 (фолиевая кислота)|Эстрадиол (Е2)|ВИЧ (антитела и антигены)|Тестостерон общий|Иммуноглобулин Е (IgE)|Микрореакция на сифилис качественно (RPR)|Эозинофильный катионный белок (ECP)|Паратгормон|Кортизол|Антитела к аскаридам (Ascaris lumbricoides), IgG|Антитела к токсокарам (Toxocara canis), IgG|Антитела к эхинококкам (Echinococcus granulosus), IgG|Антитела к лямблиям (Lamblia intestinalis), IgM|Цинк в крови, спектрометрия (Zn)|Микроскопическое исследование соскобов кожи на наличие патогенных грибов, скрининг|Триптаза|Диагностика гепатитов, скрининг|Микроскопическое исследование на Демодекс (Demodex)|Гистамин, ВЭЖХ-МС;Дерматолог, Аллерголог
Изжога;ТТГ (тиреотропный гормон)|Биохимический анализ крови, базовый|Клинический анализ крови без лейкоцитарной формулы (венозная кровь)|Кортизол|Антитела к хеликобактеру (Helicobacter pylori), IgG|Исследование антигена хеликобактера (Helicobacter pylori) в кале|13С – уреазный дыхательный тест (H. pylori), включает расходный материал;Гастроэнтеролог, Терапевт
Кашель;Биохимический анализ крови, базовый|Иммуноглобулин Е (IgE)|Клинический анализ крови без лейкоцитарной формулы (венозная кровь)|Д-димер|Эозинофильный катионный белок (ECP)|Исследование кала на простейшие и яйца гельминтов методом обогащения (PARASEP)|ДНК возбудителей коклюша/паракоклюша/бронхосептикоза (Bordetella pertussis/Bordetella parapertussis/Bordetella bronchiseptica)|Антитела к микоплазме (Mycoplasma pneumoniae), IgM|Панель аллергенов пыли №1 IgE (домашняя пыль Greer, клещ-дерматофаг перинный, клещ-дерматофаг мучной, таракан – суммарно)|Квантифероновый тест TB Gold Plus;Пульмонолог, Терапевт, ЛОР
Кровь в моче;Клинический анализ крови с лейкоцитарной формулой (5DIFF) (венозная кровь)|Общий анализ мочи|Биохимический анализ крови, базовый|Коагулограмма, скрининг|ВИЧ (антитела и антигены)|Антитела к вирусу гепатита С, сум. (Anti-HCV)|Поверхностный антиген вируса гепатита В (австралийский антиген, HbsAg)|Микрореакция на сифилис качественно (RPR)|Простатоспецифический антиген (ПСА) общий|Анализ мочи по Нечипоренко|Посев мочи на флору с определением чувствительности к основному спектру антибиотиков, в т.ч. кандида|Иммуноглобулин А (IgA)|Антинуклеарные антитела, иммуноблот (к nRNP/Sm, Sm, SS-A (SS-A нативный), SS-B, Scl-70, PM-Scl, CENP B, Jo-1, ANA-PCNA, AMA-M2, ANA-Ro-52, dsDNA, нуклеосомам, гистонам, рибосомальному белку P)|Оксалаты суточной мочи|Миоглобин|Анализ мочи по Зимницкому|Цитологическое исследование осадка мочи|3-х стаканная проба мочи|Антитела к базальной мембране клубочка (БМК)|Кальций в разовой порции мочи, спектрометрия (Ca)|Специфический антиген рака мочевого пузыря (UBC) в разовой порции мочи;Уролог, Невролог
Кружится голова;Клинический анализ крови с лейкоцитарной формулой (5DIFF) (венозная кровь)|ТТГ (тиреотропный гормон)|Общий анализ мочи|Витамин Д (25-OH витамин D), ИХЛА, суммарный (кальциферол)|Тироксин свободный (Т4 свободный)|С-реактивный белок|Трийодтиронин свободный (Т3 свободный)|Биохимический анализ крови, базовый|Витамин В9 (фолиевая кислота)|Коагулограмма, скрининг|Инсулин|Микрореакция на сифилис качественно (RPR)|Ревматоидный фактор (РФ)|Кортизол|C-пептид|Антитела к капсидному антигену вируса Эпштейна-Барр (Epstein-Barr virus VCA), IgM|Витамин B6 (пиридоксаль-5-фосфат), ВЭЖХ-МС|ДНК цитомегаловируса (Cytomegalovirus, CMV)|Антинуклеарные антитела, иммуноблот (к nRNP/Sm, Sm, SS-A (SS-A нативный), SS-B, Scl-70, PM-Scl, CENP B, Jo-1, ANA-PCNA, AMA-M2, ANA-Ro-52, dsDNA, нуклеосомам, гистонам, рибосомальному белку P)|Антитела к боррелиям (Borrelia burgdorferi), IgG|Вирусы группы герпеса (EBV, CMV, HHV6);Невролог, Кардиолог
Ломота в теле;Клинический анализ крови с лейкоцитарной формулой (5DIFF) (венозная кровь)|СОЭ (венозная кровь)|ТТГ (тиреотропный гормон)|Общий анализ мочи|Ферритин|Глюкоза|АЛТ (аланинаминотрансфераза)|АСТ (аспартатаминотрансфераза)|Витамин Д (25-OH витамин D), ИХЛА, суммарный (кальциферол)|Тироксин свободный (Т4 свободный)|Креатинин|С-реактивный белок|Мочевина|Пролактин|Железо|Мочевая кислота|Витамин В12 (цианкобаламин)|Витамин В9 (фолиевая кислота)|Натрий, калий, хлор (Na/K/Cl)|Тестостерон общий|Д-димер|Ревматоидный фактор (РФ)|Паратгормон|Кортизол|КФК (креатинкиназа)|Лактатдегидрогеназа (ЛДГ)|Антинуклеарные антитела, иммуноблот (к nRNP/Sm, Sm, SS-A (SS-A нативный), SS-B, Scl-70, PM-Scl, CENP B, Jo-1, ANA-PCNA, AMA-M2, ANA-Ro-52, dsDNA, нуклеосомам, гистонам, рибосомальному белку P)|ОРВИ-Скрин (РНК респираторносинцитиального вируса/ РНК метапневмовируса/ РНК парагриппа (типов 1, 2, 3 и 4)/ РНК коронавирусов/ РНК риновирусов/ ДНК аденовирусов (групп B, C и E)/ ДНК бокавируса)|Посев крови на стерильность с автоматической антибиотикограммой на VITEK2;Ревматолог, Терапевт
Металлический привкус во рту;Клинический анализ крови с лейкоцитарной формулой (5DIFF) (венозная кровь)|ТТГ (тиреотропный гормон)|Глюкоза|АЛТ (аланинаминотрансфераза)|АСТ (аспартатаминотрансфераза)|Тироксин свободный (Т4 свободный)|Креатинин|С-реактивный белок|Мочевина|Билирубин общий|Трийодтиронин свободный (Т3 свободный)|Гликированный гемоглобин А1с|Витамин В12 (цианкобаламин)|Щелочная фосфатаза|Биохимический анализ крови, базовый|Витамин В9 (фолиевая кислота)|Гамма-глутамилтрансфераза (ГГТ)|Цинк|Билирубин прямой|Медь|Антитела к хеликобактеру (Helicobacter pylori), IgG|Антитела к хеликобактеру (Helicobacter pylori), IgA;Терапевт, Стоматолог, Гастроэнтеролог
Насморк;Клинический анализ крови с лейкоцитарной формулой (5DIFF) (венозная кровь)|С-реактивный белок|Иммуноглобулин Е (IgE)|Антитела к вирусу кори, IgG|Антитела к цитомегаловирусу (Cytomegalovirus), IgG|Антитела к цитомегаловирусу (Cytomegalovirus), IgM|Иммуноглобулин А (IgA)|Иммуноглобулин G (IgG)|Иммуноглобулин М (IgM)|Антитела к вирусу простого герпеса I, II типов (Herpes simplex virus I, II), IgM|Антитела к микоплазме (Mycoplasma pneumoniae), IgM|Антитела к хламидии (Chlamydia trachomatis), IgG|Антитела к вирусу Варицелла-Зостер (Varicella-Zoster), IgG|Антитела к хламидии (Chlamydia trachomatis), IgM|Антитела к микоплазме (Mycoplasma hominis), IgG|Антитела к вирусу Варицелла-Зостер (Varicella-Zoster), IgM|Антитела к вирусу Эпштейна-Барр (Epstein-Barr virus), IgG (иммуноблот);ЛОР, Аллерголог
Ощущение кома в горле;Клинический анализ крови с лейкоцитарной формулой (5DIFF) (венозная кровь)|ТТГ (тиреотропный гормон)|Глюкоза|Витамин Д (25-OH витамин D), ИХЛА, суммарный (кальциферол)|Тироксин свободный (Т4 свободный)|С-реактивный белок|Трийодтиронин свободный (Т3 свободный)|Гликированный гемоглобин А1с|Кальций общий|Иммуноглобулин Е (IgE)|Д-димер|Фибриноген|Паратгормон|Кортизол|Антистрептолизин-О (АСЛО)|Анти-ТГ (антитела к тиреоглобулину)|Фосфор неорганический|Антитела к хеликобактеру (Helicobacter pylori), IgG|Антитела к хеликобактеру (Helicobacter pylori), IgA|Авидность IgG к вирусу простого герпеса I, II типов (Herpes simplex virus I, II) (включает определение антител к вирусу простого герпеса I, II типов, IgG);ЛОР, Терапевт
Повышенная температура;ТТГ (тиреотропный гормон)|Общий анализ мочи|Ферритин|Тироксин свободный (Т4 свободный)|Биохимический анализ крови, базовый|Клинический анализ крови без лейкоцитарной формулы (венозная кровь)|Микрореакция на сифилис качественно (RPR)|Ревматоидный фактор (РФ)|Кортизол|Антитела к цитомегаловирусу (Cytomegalovirus), IgG|Антитела к капсидному антигену вируса Эпштейна-Барр (Epstein-Barr virus VCA), IgM|Исследование кала на скрытую кровь|Антитела к цитомегаловирусу (Cytomegalovirus), IgM|Прокальцитонин|Посев крови на стерильность с определением чувствительности к антибиотикам (качественное определение наличия микроорганизмов)|Криоглобулины|ДНК токсоплазмы (Toxoplasma gondii), кровь, кач.|Антитела к бруцелле (Brucella), IgА|Диагностика гепатитов, скрининг;Терапевт, Инфекционист
Покраснение кожи;Клинический анализ крови с лейкоцитарной формулой (5DIFF) (венозная кровь)|СОЭ (венозная кровь)|ТТГ (тиреотропный гормон)|Общий анализ мочи|Ферритин|Глюкоза|Витамин Д (25-OH витамин D), ИХЛА, суммарный (кальциферол)|Тироксин свободный (Т4 свободный)|Креатинин|С-реактивный белок|Мочевина|Гликированный гемоглобин А1с|Железо|Мочевая кислота|Биохимический анализ крови, базовый|ВИЧ (антитела и антигены)|Иммуноглобулин Е (IgE)|Микрореакция на сифилис качественно (RPR)|Эозинофильный катионный белок (ECP)|Ревматоидный фактор (РФ)|Антитела к двуспиральной ДНК (нативной, a-dsDNA)|Антинуклеарные антитела, иммуноблот (к nRNP/Sm, Sm, SS-A (SS-A нативный), SS-B, Scl-70, PM-Scl, CENP B, Jo-1, ANA-PCNA, AMA-M2, ANA-Ro-52, dsDNA, нуклеосомам, гистонам, рибосомальному белку P)|Авидность IgG к вирусу простого герпеса I, II типов (Herpes simplex virus I, II) (включает определение антител к вирусу простого герпеса I, II типов, IgG)|Цинк в крови, спектрометрия (Zn)|Диагностика гепатитов, скрининг|Посев крови на стерильность с автоматической антибиотикограммой на VITEK2;Дерматолог, Аллерголог
Постоянная усталость;Клинический анализ крови с лейкоцитарной формулой (5DIFF) (венозная кровь)|СОЭ (венозная кровь)|ТТГ (тиреотропный гормон)|Общий анализ мочи|Ферритин|Глюкоза|АЛТ (аланинаминотрансфераза)|АСТ (аспартатаминотрансфераза)|Витамин Д (25-OH витамин D), ИХЛА, суммарный (кальциферол)|Тироксин свободный (Т4 свободный)|Креатинин|Общий белок|С-реактивный белок|Мочевина|Билирубин общий|Пролактин|Гликированный гемоглобин А1с|Железо|Витамин В12 (цианкобаламин)|Щелочная фосфатаза|Витамин В9 (фолиевая кислота)|Эстрадиол (Е2)|Натрий, калий, хлор (Na/K/Cl)|ВИЧ (антитела и антигены)|Тестостерон общий|Альбумин|Ревматоидный фактор (РФ)|Трансферрин|Кортизол|КФК (креатинкиназа)|Лактатдегидрогеназа (ЛДГ)|Коэффициент насыщения трансферрина железом (включает определение железа и ЛЖСС)|Антинуклеарные антитела, иммуноблот (к nRNP/Sm, Sm, SS-A (SS-A нативный), SS-B, Scl-70, PM-Scl, CENP B, Jo-1, ANA-PCNA, AMA-M2, ANA-Ro-52, dsDNA, нуклеосомам, гистонам, рибосомальному белку P)|Диагностика гепатитов, скрининг;Терапевт, Эндокринолог, Гематолог
Потеря аппетита;Клинический анализ крови с лейкоцитарной формулой (5DIFF) (венозная кровь)|ТТГ (тиреотропный гормон)|Общий анализ мочи|Ферритин|Витамин Д (25-OH витамин D), ИХЛА, суммарный (кальциферол)|Тироксин свободный (Т4 свободный)|Гликированный гемоглобин А1с|Железо|Витамин В12 (цианкобаламин)|Биохимический анализ крови, базовый|Витамин В9 (фолиевая кислота)|Общий анализ кала (копрограмма)|Инсулин|Паратгормон|Кальций ионизированный|Альфа-амилаза|Трансферрин|Кортизол|Анти-ТГ (антитела к тиреоглобулину)|ОЖСС (общая железосвязывающая способность сыворотки (включает определение железа, ЛЖСС)|Фосфор неорганический|Липаза|Антитела к хеликобактеру (Helicobacter pylori), IgG|C-пептид|Исследование кала на скрытую кровь|Панкреатическая эластаза 1 в кале|АКТГ (адренокортикотропный гормон)|Антитела к хеликобактеру (Helicobacter pylori), IgМ|ГастроПанель ® (Гастрин-17 базовый, Пепсиноген I, Пепсиноген II, Антитела к хеликобактеру, IgG);Терапевт, Гастроэнтеролог, Эндокринолог
Потеря веса;Клинический анализ крови с лейкоцитарной формулой (5DIFF) (венозная кровь)|ТТГ (тиреотропный гормон)|Общий анализ мочи|Ферритин|Витамин Д (25-OH витамин D), ИХЛА, суммарный (кальциферол)|Тироксин свободный (Т4 свободный)|С-реактивный белок|Трийодтиронин свободный (Т3 свободный)|Гликированный гемоглобин А1с|Железо|Витамин В12 (цианкобаламин)|Биохимический анализ крови, базовый|Витамин В9 (фолиевая кислота)|Общий анализ кала (копрограмма)|ВИЧ (антитела и антигены)|Инсулин|Антитела к вирусу гепатита С, сум. (Anti-HCV)|Поверхностный антиген вируса гепатита В (австралийский антиген, HbsAg)|Микрореакция на сифилис качественно (RPR)|Ревматоидный фактор (РФ)|Паратгормон|Кальций ионизированный|Трансферрин|Кортизол|Анти-ТГ (антитела к тиреоглобулину)|ОЖСС (общая железосвязывающая способность сыворотки (включает определение железа, ЛЖСС)|Фосфор неорганический|Липаза|Антитела к хеликобактеру (Helicobacter pylori), IgG|C-пептид|Исследование кала на скрытую кровь|Панкреатическая эластаза 1 в кале|АКТГ (адренокортикотропный гормон)|Антитела к тканевой трансглутаминазе, IgA|Антитела к хеликобактеру (Helicobacter pylori), IgМ|Антитела к тканевой трансглутаминазе, IgG|ГастроПанель ® (Гастрин-17 базовый, Пепсиноген I, Пепсиноген II, Антитела к хеликобактеру, IgG)|Альфа-амилаза (диастаза) в разовой порции мочи|Кортизол суточной мочи|Микроальбумин суточной мочи|Антитела к глутаматдекарбоксилазе (GAD)|Антитела к островковым клеткам (ICA)|Квантифероновый тест TB Gold Plus|Глюкоза суточной мочи|Катехоламины крови (адреналин, норадреналин, дофамин), серотонин и их метаболиты в суточной моче (ванилилминдальная кислота, гомованилиновая кислота, 5-гидроксииндолуксусная кислота), ГХ/ВЭЖХ-МС;Терапевт, Эндокринолог, Гематолог
Потливость;Клинический анализ крови с лейкоцитарной формулой (5DIFF) (венозная кровь)|ТТГ (тиреотропный гормон)|Общий анализ мочи|Ферритин|Глюкоза|АЛТ (аланинаминотрансфераза)|АСТ (аспартатаминотрансфераза)|Витамин Д (25-OH витамин D), ИХЛА, суммарный (кальциферол)|Тироксин свободный (Т4 свободный)|Креатинин|С-реактивный белок|Мочевина|Билирубин общий|Трийодтиронин свободный (Т3 свободный)|Пролактин|Гликированный гемоглобин А1с|Щелочная фосфатаза|ФСГ (фолликулостимулирующий гормон)|Эстрадиол (Е2)|Лютеинизирующий гормон (ЛГ)|Натрий, калий, хлор (Na/K/Cl)|ВИЧ (антитела и антигены)|Инсулин|Тестостерон общий|Микрореакция на сифилис качественно (RPR)|Тестостерон свободный (включает определение тестостерона общего и свободного, ГСПГ (SHBG), расчет индекса свободных андрогенов)|Простатоспецифический антиген (ПСА) общий|Кортизол|C-пептид|Катехоламины крови (адреналин, норадреналин, дофамин) и серотонин, ВЭЖХ-МС|Общие метанефрины и норметанефрины в суточной моче, ВЭЖХ-МС|Диагностика гепатитов, скрининг|Посев крови на стерильность с автоматической антибиотикограммой на VITEK2;Терапевт, Эндокринолог
Рвота;Клинический анализ крови с лейкоцитарной формулой (5DIFF) (венозная кровь)|ТТГ (тиреотропный гормон)|Общий анализ мочи|Тироксин свободный (Т4 свободный)|С-реактивный белок|Биохимический анализ крови, базовый|Общий анализ кала (копрограмма)|Кортизол|Исследование кала на скрытую кровь|13С – уреазный дыхательный тест (H. pylori), включает расходный материал|Панкреатическая эластаза 1 в кале|Антитела к лямблиям (Lamblia intestinalis), IgM|Антитела к сальмонеллам (Salmonella) A, B, C1, C2, D, E|Гастрин|Диагностика гепатитов, скрининг|РНК норовирусов (Norovirus) II типа|Аскарида IgE (ImmunoCAP), p1;Терапевт, Гастроэнтеролог
Синяки без причины;Клинический анализ крови с лейкоцитарной формулой (5DIFF) (венозная кровь)|СОЭ (венозная кровь)|Общий анализ мочи|Ферритин|Глюкоза|АЛТ (аланинаминотрансфераза)|АСТ (аспартатаминотрансфераза)|Креатинин|С-реактивный белок|Мочевина|Билирубин общий|Железо|Витамин В12 (цианкобаламин)|Щелочная фосфатаза|Биохимический анализ крови, базовый|Витамин В9 (фолиевая кислота)|Коагулограмма, скрининг|ВИЧ (антитела и антигены)|Д-димер|Ревматоидный фактор (РФ)|Антитромбин III|Волчаночный антикоагулянт|Протеин S свободный|Протеин С|Витамин С (аскорбиновая кислота), ВЭЖХ-МС|Антитела к ядерным антигенам (ANA)|Антиген фактора Виллебранда|Витамин К (филлохинон), ВЭЖХ-МС|Диагностика гепатитов, скрининг|Антитела к тромбоцитам, класса IgG|Агрегация тромбоцитов (АДФ и адреналин);Гематолог, Терапевт
Слабость в ногах;Клинический анализ крови с лейкоцитарной формулой (5DIFF) (венозная кровь)|СОЭ (венозная кровь)|ТТГ (тиреотропный гормон)|Общий анализ мочи|Ферритин|АЛТ (аланинаминотрансфераза)|АСТ (аспартатаминотрансфераза)|Витамин Д (25-OH витамин D), ИХЛА, суммарный (кальциферол)|Тироксин свободный (Т4 свободный)|Креатинин|С-реактивный белок|Мочевина|Билирубин общий|Гликированный гемоглобин А1с|Железо|Витамин В12 (цианкобаламин)|Щелочная фосфатаза|Биохимический анализ крови, базовый|Витамин В9 (фолиевая кислота)|Натрий, калий, хлор (Na/K/Cl)|Паратгормон|Трансферрин|Кортизол|КФК (креатинкиназа)|Тропонин I ультрачувствительный|Антитела к ацетилхолиновым рецепторам (АХР)|Миоглобин;Невролог, Терапевт
Сухость кожи;Клинический анализ крови с лейкоцитарной формулой (5DIFF) (венозная кровь)|ТТГ (тиреотропный гормон)|Общий анализ мочи|Ферритин|Витамин Д (25-OH витамин D), ИХЛА, суммарный (кальциферол)|Тироксин свободный (Т4 свободный)|Общий белок|Трийодтиронин свободный (Т3 свободный)|Пролактин|Гликированный гемоглобин А1с|Железо|Биохимический анализ крови, базовый|Эстрадиол (Е2)|Инсулин|Тестостерон общий|Иммуноглобулин Е (IgE)|Магний|Тестостерон свободный (включает определение тестостерона общего и свободного, ГСПГ (SHBG), расчет индекса свободных андрогенов)|Альбумин|Кортизол|Анти-ТГ (антитела к тиреоглобулину)|ОЖСС (общая железосвязывающая способность сыворотки (включает определение железа, ЛЖСС)|Селен в крови, спектрометрия (Se)|Витамин А (ретинол), ВЭЖХ-МС|Витамин E (альфа-токоферол) в крови, ВЭЖХ-МС|Кортизол суточной мочи|Цинк в крови, спектрометрия (Zn)|Микроскопическое исследование на Демодекс (Demodex);Дерматолог, Эндокринолог
Тошнота;Клинический анализ крови с лейкоцитарной формулой (5DIFF) (венозная кровь)|ТТГ (тиреотропный гормон)|Общий анализ мочи|Тироксин свободный (Т4 свободный)|С-реактивный белок|Биохимический анализ крови, базовый|Общий анализ кала (копрограмма)|Кортизол|Исследование кала на скрытую кровь|13С – уреазный дыхательный тест (H. pylori), включает расходный материал|Панкреатическая эластаза 1 в кале|Антитела к лямблиям (Lamblia intestinalis), IgM|Гастрин|Диагностика гепатитов, скрининг|Аскарида IgE (ImmunoCAP), p1;Терапевт, Гастроэнтеролог
Тремор рук;Клинический анализ крови с лейкоцитарной формулой (5DIFF) (венозная кровь)|ТТГ (тиреотропный гормон)|Общий анализ мочи|Глюкоза|АЛТ (аланинаминотрансфераза)|АСТ (аспартатаминотрансфераза)|Тироксин свободный (Т4 свободный)|Креатинин|С-реактивный белок|Мочевина|Билирубин общий|Пролактин|Гликированный гемоглобин А1с|Витамин В12 (цианкобаламин)|Щелочная фосфатаза|Витамин В9 (фолиевая кислота)|Натрий, калий, хлор (Na/K/Cl)|Тестостерон общий|Микрореакция на сифилис качественно (RPR)|Ревматоидный фактор (РФ)|Паратгормон|Кортизол|КФК (креатинкиназа)|Лактатдегидрогеназа (ЛДГ)|АКТГ (адренокортикотропный гормон)|Церулоплазмин|Антинуклеарные антитела, иммуноблот (к nRNP/Sm, Sm, SS-A (SS-A нативный), SS-B, Scl-70, PM-Scl, CENP B, Jo-1, ANA-PCNA, AMA-M2, ANA-Ro-52, dsDNA, нуклеосомам, гистонам, рибосомальному белку P)|Катехоламины крови (адреналин, норадреналин, дофамин) и серотонин, ВЭЖХ-МС|Общие метанефрины и норметанефрины в суточной моче, ВЭЖХ-МС|Медь в крови, спектрометрия (Cu);Невролог, Эндокринолог
Трудно дышать;СОЭ (венозная кровь)|ТТГ (тиреотропный гормон)|С-реактивный белок|Трийодтиронин свободный (Т3 свободный)|Пролактин|Иммуноглобулин Е (IgE)|Клинический анализ крови без лейкоцитарной формулы (венозная кровь)|Кортизол|Иммуноглобулин G (IgG)|Иммуноглобулин М (IgM)|Антинуклеарные антитела, иммуноблот (к nRNP/Sm, Sm, SS-A (SS-A нативный), SS-B, Scl-70, PM-Scl, CENP B, Jo-1, ANA-PCNA, AMA-M2, ANA-Ro-52, dsDNA, нуклеосомам, гистонам, рибосомальному белку P)|Панель аллергенов плесени №1 IgE (penicillium notatum, cladosporium herbarum, aspergillus fumigatus, candida albicans, alternaria tenuis – суммарно)|Панель аллергенов пыли №1 IgE (домашняя пыль Greer, клещ-дерматофаг перинный, клещ-дерматофаг мучной, таракан – суммарно)|Панель аллергенов деревьев IgE ImmunoCAP, tx9 (микст пыльца деревьев: ольха серая, береза бородавчатая, лещина обыкновенная, дуб белый, ива белая – суммарно)|ОРВИ-Скрин (РНК респираторносинцитиального вируса/ РНК метапневмовируса/ РНК парагриппа (типов 1, 2, 3 и 4)/ РНК коронавирусов/ РНК риновирусов/ ДНК аденовирусов (групп B, C и E)/ ДНК бокавируса)|Панель аллергенов животных №1 IgE (эпителий кошки, перхоть лошади, перхоть коровы, перхоть собаки – суммарно);Пульмонолог, Кардиолог, Терапевт
Тяжесть в желудке;ТТГ (тиреотропный гормон)|Ферритин|Витамин В12 (цианкобаламин)|Биохимический анализ крови, базовый|Общий анализ кала (копрограмма)|Клинический анализ крови без лейкоцитарной формулы (венозная кровь)|Кальпротектин (в кале)|Антитела к хеликобактеру (Helicobacter pylori), IgG|Исследование антигена хеликобактера (Helicobacter pylori) в кале|Исследование кала на скрытую кровь|13С – уреазный дыхательный тест (H. pylori), включает расходный материал|Гастрин|Серотонин, ВЭЖХ-МС;Гастроэнтеролог, Терапевт
Увеличение веса;Клинический анализ крови с лейкоцитарной формулой (5DIFF) (венозная кровь)|ТТГ (тиреотропный гормон)|Общий анализ мочи|Ферритин|Витамин Д (25-OH витамин D), ИХЛА, суммарный (кальциферол)|Тироксин свободный (Т4 свободный)|С-реактивный белок|Пролактин|Гликированный гемоглобин А1с|Железо|Мочевая кислота|Биохимический анализ крови, базовый|ФСГ (фолликулостимулирующий гормон)|Гомоцистеин|Эстрадиол (Е2)|Липидный профиль, базовый|Лютеинизирующий гормон (ЛГ)|Инсулин|Тестостерон общий|Иммуноглобулин Е (IgE)|Тестостерон свободный (включает определение тестостерона общего и свободного, ГСПГ (SHBG), расчет индекса свободных андрогенов)|Прогестерон|Ревматоидный фактор (РФ)|Паратгормон|Кальций ионизированный|Кортизол|Фосфор неорганический|C-пептид|Лептин|АКТГ (адренокортикотропный гормон)|Кортизол суточной мочи|Микроальбумин суточной мочи|Антитела к инсулину (IAA)|Глюкоза в разовой порции мочи;Эндокринолог, Терапевт
Увеличенные лимфоузлы;Биохимический анализ крови, базовый|Общий бета-ХГЧ (диагностика беременности, онкомаркер)|Клинический анализ крови без лейкоцитарной формулы (венозная кровь)|Микрореакция на сифилис качественно (RPR)|Ревматоидный фактор (РФ)|Простатоспецифический антиген (ПСА) общий|Лактатдегидрогеназа (ЛДГ)|Антитела к цитомегаловирусу (Cytomegalovirus), IgG|Антитела к капсидному антигену вируса Эпштейна-Барр (Epstein-Barr virus VCA), IgG|Антитела к капсидному антигену вируса Эпштейна-Барр (Epstein-Barr virus VCA), IgM|Антитела к цитомегаловирусу (Cytomegalovirus), IgM|Антитела к токсоплазме (Toxoplasma gondii), IgG|Антитела к токсоплазме (Toxoplasma gondii), IgM|Антинуклеарные антитела, иммуноблот (к nRNP/Sm, Sm, SS-A (SS-A нативный), SS-B, Scl-70, PM-Scl, CENP B, Jo-1, ANA-PCNA, AMA-M2, ANA-Ro-52, dsDNA, нуклеосомам, гистонам, рибосомальному белку P)|Антитела к боррелиям (Borrelia burgdorferi), IgG|Антитела к бруцелле (Brucella), IgА|Диагностика гепатитов, скрининг|Кальций в крови, спектрометрия (Ca);Гематолог, Терапевт
Ухудшение зрения;Клинический анализ крови с лейкоцитарной формулой (5DIFF) (венозная кровь)|ТТГ (тиреотропный гормон)|Общий анализ мочи|Тироксин свободный (Т4 свободный)|С-реактивный белок|Трийодтиронин свободный (Т3 свободный)|Пролактин|Витамин В12 (цианкобаламин)|Биохимический анализ крови, базовый|Антитела к микросомальной тиреопероксидазе (Анти-ТПО)|Витамин В9 (фолиевая кислота)|Коагулограмма, скрининг|Гомоцистеин|ВИЧ (антитела и антигены)|Антитела к вирусу гепатита С, сум. (Anti-HCV)|Поверхностный антиген вируса гепатита В (австралийский антиген, HbsAg)|Микрореакция на сифилис качественно (RPR)|Ревматоидный фактор (РФ)|Кортизол|Анти-ТГ (антитела к тиреоглобулину)|Антитела к цитомегаловирусу (Cytomegalovirus), IgG|Антитела к циклическому цитруллиновому пептиду (ACCP, anti-CCP)|Антитела к цитомегаловирусу (Cytomegalovirus), IgM|Антитела к токсоплазме (Toxoplasma gondii), IgG|Антитела к вирусу простого герпеса I, II типов (Herpes simplex virus I, II), IgM|Антитела к двуспиральной ДНК (нативной, a-dsDNA)|Антитела к токсоплазме (Toxoplasma gondii), IgM|Антинуклеарные антитела, иммуноблот (к nRNP/Sm, Sm, SS-A (SS-A нативный), SS-B, Scl-70, PM-Scl, CENP B, Jo-1, ANA-PCNA, AMA-M2, ANA-Ro-52, dsDNA, нуклеосомам, гистонам, рибосомальному белку P)|Антитела к боррелиям (Borrelia burgdorferi), IgG|Антитела к бета2-гликопротеину|Антитела к боррелиям (Borrelia burgdorferi), IgM|Антитела к кардиолипину (суммарные)|Антинейтрофильные цитоплазматические антитела, IgG (ANCA), Combi 6 (к протеиназе 3, лактоферрину, миелопероксидазе, эластазе, катепсину G, бактерицидному белку, повышающему проницаемость (BPI))|Антитела к фосфолипидам (кардиолипину, фосфатидилсерину, фосфатидилинозитолу, фосфатидиловой кислоте), суммарные|Антитела к ацетилхолиновым рецепторам (АХР)|Генодиагностика болезни Вильсона-Коновалова (анализ мутаций гена ATP7B);Офтальмолог, Невролог
Учащённое сердцебиение;Клинический анализ крови с лейкоцитарной формулой (5DIFF) (венозная кровь)|ТТГ (тиреотропный гормон)|Общий анализ мочи|Ферритин|Глюкоза|Витамин Д (25-OH витамин D), ИХЛА, суммарный (кальциферол)|Тироксин свободный (Т4 свободный)|Биохимический анализ крови, базовый|Д-димер|Кортизол|КФК (креатинкиназа)|Катехоламины крови (адреналин, норадреналин, дофамин) и серотонин, ВЭЖХ-МС|Тропонин I ультрачувствительный;Кардиолог, Терапевт
Хриплый голос;ТТГ (тиреотропный гормон)|Ферритин|Тироксин свободный (Т4 свободный)|Витамин В12 (цианкобаламин)|Иммуноглобулин Е (IgE)|Клинический анализ крови без лейкоцитарной формулы (венозная кровь)|Ревматоидный фактор (РФ)|Кортизол|Антистрептолизин-О (АСЛО)|КФК (креатинкиназа)|Антитела к капсидному антигену вируса Эпштейна-Барр (Epstein-Barr virus VCA), IgM|ДНК цитомегаловируса (Cytomegalovirus, CMV)|Панель аллергенов плесени №1 IgE (penicillium notatum, cladosporium herbarum, aspergillus fumigatus, candida albicans, alternaria tenuis – суммарно)|Панель аллергенов пыли №1 IgE (домашняя пыль Greer, клещ-дерматофаг перинный, клещ-дерматофаг мучной, таракан – суммарно)|Панель аллергенов деревьев IgE ImmunoCAP, tx9 (микст пыльца деревьев: ольха серая, береза бородавчатая, лещина обыкновенная, дуб белый, ива белая – суммарно)|ОРВИ-Скрин (РНК респираторносинцитиального вируса/ РНК метапневмовируса/ РНК парагриппа (типов 1, 2, 3 и 4)/ РНК коронавирусов/ РНК риновирусов/ ДНК аденовирусов (групп B, C и E)/ ДНК бокавируса)|Антитела к возбудителю дифтерии (Corynebacterium diphtheriae)|Панель аллергенов животных №1 IgE (эпителий кошки, перхоть лошади, перхоть коровы, перхоть собаки – суммарно);ЛОР, Фониатр
Частое мочеиспускание;Клинический анализ крови с лейкоцитарной формулой (5DIFF) (венозная кровь)|ТТГ (тиреотропный гормон)|Общий анализ мочи|Глюкоза|Тироксин свободный (Т4 свободный)|Пролактин|Гликированный гемоглобин А1с|Биохимический анализ крови, базовый|Простатоспецифический антиген (ПСА) общий|Кортизол|Анализ мочи по Нечипоренко|ПЦР-12|Посев мочи на флору с определением чувствительности к основному спектру антибиотиков и бактериофагам, в т.ч. кандида|Общий белок суточной мочи|Микроальбумин суточной мочи|Проба Реберга|Анализ мочи по Зимницкому|Катехоламины в суточной моче (адреналин, норадреналин, дофамин), ВЭЖХ-МС;Уролог, Эндокринолог
Частые простуды;"Клинический анализ крови с лейкоцитарной формулой (5DIFF) (венозная кровь)|ТТГ (тиреотропный гормон)|Ферритин|Глюкоза|Витамин Д (25-OH витамин D), ИХЛА, суммарный (кальциферол)|Тироксин свободный (Т4 свободный)|С-реактивный белок|Трийодтиронин свободный (Т3 свободный)|Гликированный гемоглобин А1с|Иммуноглобулин Е (IgE)|Антитела к цитомегаловирусу (Cytomegalovirus), IgG|Антитела к цитомегаловирусу (Cytomegalovirus), IgM|Иммуноглобулин А (IgA)|Иммуноглобулин G (IgG)|Иммуноглобулин М (IgM)|Антитела к вирусу простого герпеса I, II типов (Herpes simplex virus I, II), IgM|Антитела к микоплазме (Mycoplasma pneumoniae), IgM|Антитела к микоплазме (Mycoplasma hominis), IgG|Иммунный статус (Иммуноглобулины: IgA, IgM, IgG, иммунограмма базовая, включает анализ крови с лейкоцитарной формулой)|Интерфероновый статус (3 показателя: сывороточный интерферон, интерферон-альфа, интерферон-гамма; заключение врача КЛД по исследовательскому отчету)|Антитела к вирусу Эпштейна-Барр (Epstein-Barr virus), IgG (иммуноблот)";Терапевт, Иммунолог
Шум в ушах;Клинический анализ крови с лейкоцитарной формулой (5DIFF) (венозная кровь)|ТТГ (тиреотропный гормон)|Общий анализ мочи|Ферритин|Тироксин свободный (Т4 свободный)|С-реактивный белок|Пролактин|Гликированный гемоглобин А1с|Железо|Витамин В12 (цианкобаламин)|Биохимический анализ крови, базовый|Витамин В9 (фолиевая кислота)|Коагулограмма, скрининг|Гомоцистеин|Натрий, калий, хлор (Na/K/Cl)|ВИЧ (антитела и антигены)|Антитела к вирусу гепатита С, сум. (Anti-HCV)|Поверхностный антиген вируса гепатита В (австралийский антиген, HbsAg)|Микрореакция на сифилис качественно (RPR)|Ревматоидный фактор (РФ)|Паратгормон|Кортизол|Антитела к цитомегаловирусу (Cytomegalovirus), IgM|Антитела к токсоплазме (Toxoplasma gondii), IgG|Антитела к вирусу простого герпеса I, II типов (Herpes simplex virus I, II), IgM|Антитела к токсоплазме (Toxoplasma gondii), IgM|Антинуклеарные антитела, иммуноблот (к nRNP/Sm, Sm, SS-A (SS-A нативный), SS-B, Scl-70, PM-Scl, CENP B, Jo-1, ANA-PCNA, AMA-M2, ANA-Ro-52, dsDNA, нуклеосомам, гистонам, рибосомальному белку P)|Антитела к боррелиям (Borrelia burgdorferi), IgG|Антитела к боррелиям (Borrelia burgdorferi), IgM|Альдостерон-рениновое соотношение (включает: альдостерон, прямое определение ренина, соотношение)|Серотонин, ВЭЖХ-МС|Антитела к вирусу Эпштейна-Барр (Epstein-Barr virus), IgG (иммуноблот)|Катехоламины в суточной моче (адреналин, норадреналин, дофамин), ВЭЖХ-МС|Гистамин, ВЭЖХ-МС;ЛОР, Сурдолог
