Фамилия;Имя;Отчество;Пол
Смирнов;Алексей;Александрович;М
Иванов;Иван;Иванович;М
Кузнецов;Дмитрий;Дмитриевич;М
Попов;Никита;Никитич;М
Соколов;Михаил;Михайлович;М
Лебедев;Сергей;Сергеевич;М
Козлов;Андрей;Андреевич;М
Новиков;Владимир;Владимирович;М
Морозов;Павел;Павлович;М
Петров;Егор;Егорович;М
Волков;Константин;Константинович;М
Соловьев;Олег;Олегович;М
Виноградов;Вячеслав;Вячеславович;М
Богданов;Илья;Ильич;М
Васильев;Артем;Артемович;М
Зайцев;Роман;Романович;М
Павлов;Николай;Николаевич;М
Семенов;Денис;Денисович;М
Григорьев;Владислав;Владиславович;М
Кузьмин;Федор;Федорович;М
Куликов;Тимофей;Тимофеевич;М
Киселев;Артемий;Артемиевич;М
Макаров;Станислав;Станиславович;М
Александров;Виталий;Витальевич;М
Михайлов;Григорий;Григорьевич;М
Федоров;Евгений;Евгеньевич;М
Сергеев;Виктор;Викторович;М
Орлов;Игорь;Игоревич;М
Никитин;Максим;Максимович;М
Тихонов;Юрий;Юрьевич;М
Беликов;Леонид;Леонидович;М
Карпов;Анатолий;Анатольевич;М
Данилов;Василий;Васильевич;М
Борисов;Савелий;Савельевич;М
Тарасов;Рустам;Рустамович;М
Воронов;Даниил;Даниилович;М
Егоров;Аркадий;Аркадьевич;М
Котов;Петр;Петрович;М
Дмитриев;Семён;Семенович;М
Лазарев;Александр;Александрович;М
Сафонов;Илья;Ильич;М
Гусев;Назар;Назарович;М
Коновалов;Тимур;Тимурович;М
Мельников;Владимир;Владимирович;М
Крылов;Дмитрий;Дмитриевич;М
Власов;Евгений;Евгеньевич;М
Ширяев;Игорь;Игоревич;М
Панфилов;Сергей;Сергеевич;М
Дорофеев;Алексей;Александрович;М
Игнатьев;Константин;Константинович;М
Конов;Михаил;Михайлович;М
Фролов;Вячеслав;Вячеславович;М
Смирнова;Анна;Александровна;Ж
Иванова;Мария;Ивановна;Ж
Кузнецова;Екатерина;Дмитриевна;Ж
Попова;Наталья;Никитична;Ж
Соколова;Ольга;Михайловна;Ж
Лебедева;Татьяна;Сергеевна;Ж
Козлова;Елена;Андреевна;Ж
Новикова;Виктория;Владимировна;Ж
Морозова;Юлия;Павловна;Ж
Петрова;Дарья;Егоровна;Ж
Волкова;Алиса;Константиновна;Ж
Соловьева;Светлана;Олеговна;Ж
Виноградова;Ирина;Вячеславовна;Ж
Богданова;Полина;Ильинична;Ж
Васильева;Анастасия;Артемовна;Ж
Зайцева;Ксения;Романовна;Ж
Павлова;Вероника;Николаевна;Ж
Семенова;Марина;Денисовна;Ж
Григорьева;Людмила;Владиславовна;Ж
Кузьмина;Евгения;Федоровна;Ж
Куликова;Валерия;Тимофеевна;Ж
Киселева;Ангелина;Артемьевна;Ж
Макарова;София;Станиславовна;Ж
Александрова;Надежда;Витальевна;Ж
Михайлова;Дарина;Григорьевна;Ж
Федорова;Маргарита;Евгеньевна;Ж
Сергеева;Алина;Викторовна;Ж
Орлова;Валентина;Игоревна;Ж
Никитина;Елизавета;Максимовна;Ж
Тихонова;Арина;Юрьевна;Ж
Беликова;Снежана;Леонидовна;Ж
Карпова;Вера;Анатольевна;Ж
Данилова;Юлия;Васильевна;Ж
Борисова;Оксана;Савельевна;Ж
Тарасова;Евгения;Рустамовна;Ж
Воронова;Вероника;Данииловна;Ж
Егорова;Полина;Аркадьевна;Ж
Котова;Софья;Петровна;Ж
Дмитриева;Александра;Семеновна;Ж
Лазарева;Виктория;Александровна;Ж
Сафонова;Ксения;Ильинична;Ж
Гусева;Марина;Назаровна;Ж
Коновалова;Евгения;Тимуровна;Ж
Мельникова;Олеся;Владимировна;Ж
Крылова;Анастасия;Дмитриевна;Ж
Власова;Дарья;Евгеньевна;Ж
Ширяева;Виктория;Игоревна;Ж
Панфилова;Светлана;Сергеевна;Ж
Дорофеева;Алина;Александровна;Ж
Игнатьева;Юлия;Константиновна;Ж
Конова;Мария;Михайловна;Ж
